rdf:ID,cim:IdentifiedObject.name,cim:IdentifiedObject.description,cim:IdentifiedObject.mRID,cim:Location.PowerSystemResources,cim:Location.CoordinateSystem,
_30a798d0-c967-11e1-af5f-b8f6b1180b6d,Location1,,,_046009e3-c766-11e1-8775-005056c00008,_e4c22cb0-c8fc-11e1-bd6b-b8f6b1180b6d,
_6de20910-c967-11e1-af5f-b8f6b1180b6d,Location10,,,_044e56a2-c766-11e1-8775-005056c00008,_e4c22cb0-c8fc-11e1-bd6b-b8f6b1180b6d,
_5e511d30-c901-11e1-bd6b-b8f6b1180b6d,Location100,,,_044e56a1-c766-11e1-8775-005056c00008,_e4c22cb0-c8fc-11e1-bd6b-b8f6b1180b6d,
_be6aaf30-c968-11e1-af5f-b8f6b1180b6d,Location101,,,_044fdd41-c766-11e1-8775-005056c00008,_e4c22cb0-c8fc-11e1-bd6b-b8f6b1180b6d,
_170a1750-c966-11e1-af5f-b8f6b1180b6d,Location102,,,_044c81e3-c766-11e1-8775-005056c00008,_e4c22cb0-c8fc-11e1-bd6b-b8f6b1180b6d,
_985af670-c98f-11e1-9c61-406c8f32ef58,Location103,,,_04524e47-c766-11e1-8775-005056c00008,_e4c22cb0-c8fc-11e1-bd6b-b8f6b1180b6d,
_338d8ca0-c965-11e1-af5f-b8f6b1180b6d,Location104,,,_047566a0-c766-11e1-8775-005056c00008,_e4c22cb0-c8fc-11e1-bd6b-b8f6b1180b6d,
_64fafef0-c990-11e1-9c61-406c8f32ef58,Location105,,,_044b7078-c766-11e1-8775-005056c00008,_e4c22cb0-c8fc-11e1-bd6b-b8f6b1180b6d,
_cddea8d0-c900-11e1-bd6b-b8f6b1180b6d,Location106,,,_04499bb4-c766-11e1-8775-005056c00008,_e4c22cb0-c8fc-11e1-bd6b-b8f6b1180b6d,
_6c421f40-c968-11e1-af5f-b8f6b1180b6d,Location107,,,_04689568-c766-11e1-8775-005056c00008,_e4c22cb0-c8fc-11e1-bd6b-b8f6b1180b6d,
_3596f490-c98e-11e1-9c61-406c8f32ef58,Location108,,,_04513cd6-c766-11e1-8775-005056c00008,_e4c22cb0-c8fc-11e1-bd6b-b8f6b1180b6d,
_37dcfeb0-c967-11e1-af5f-b8f6b1180b6d,Location109,,,_0470d2c9-c766-11e1-8775-005056c00008,_e4c22cb0-c8fc-11e1-bd6b-b8f6b1180b6d,
_3694f1b0-c990-11e1-9c61-406c8f32ef58,Location11,,,_04784cd4-c766-11e1-8775-005056c00008,_e4c22cb0-c8fc-11e1-bd6b-b8f6b1180b6d,
_f6a42d20-c965-11e1-af5f-b8f6b1180b6d,Location110,,,_04513cd7-c766-11e1-8775-005056c00008,_e4c22cb0-c8fc-11e1-bd6b-b8f6b1180b6d,
_e2ffaa40-c8fe-11e1-bd6b-b8f6b1180b6d,Location111,,,_044ca8f4-c766-11e1-8775-005056c00008,_e4c22cb0-c8fc-11e1-bd6b-b8f6b1180b6d,
_05abeda0-c991-11e1-9c61-406c8f32ef58,Location112,,,_04885268-c766-11e1-8775-005056c00008,_e4c22cb0-c8fc-11e1-bd6b-b8f6b1180b6d,
_71726680-c98d-11e1-9c61-406c8f32ef58,Location113,,,_046a6a27-c766-11e1-8775-005056c00008,_e4c22cb0-c8fc-11e1-bd6b-b8f6b1180b6d,
_a3ce0dd0-c912-11e1-bd6b-b8f6b1180b6d,Location114,,,_04745536-c766-11e1-8775-005056c00008,_e4c22cb0-c8fc-11e1-bd6b-b8f6b1180b6d,
_8b9a8ab0-c960-11e1-af5f-b8f6b1180b6d,Location115,,,_04825ef5-c766-11e1-8775-005056c00008,_e4c22cb0-c8fc-11e1-bd6b-b8f6b1180b6d,
_becd3e60-c964-11e1-af5f-b8f6b1180b6d,Location116,,,_04553477-c766-11e1-8775-005056c00008,_e4c22cb0-c8fc-11e1-bd6b-b8f6b1180b6d,
_58b528c0-c911-11e1-bd6b-b8f6b1180b6d,Location117,,,_0460f447-c766-11e1-8775-005056c00008,_e4c22cb0-c8fc-11e1-bd6b-b8f6b1180b6d,
_7cef78b0-c8ff-11e1-bd6b-b8f6b1180b6d,Location118,,,_0466e7ba-c766-11e1-8775-005056c00008,_e4c22cb0-c8fc-11e1-bd6b-b8f6b1180b6d,
_30580d20-c902-11e1-bd6b-b8f6b1180b6d,Location119,,,_0455a9aa-c766-11e1-8775-005056c00008,_e4c22cb0-c8fc-11e1-bd6b-b8f6b1180b6d,
_a076cc10-c98c-11e1-9c61-406c8f32ef58,Location12,,,_04595326-c766-11e1-8775-005056c00008,_e4c22cb0-c8fc-11e1-bd6b-b8f6b1180b6d,
_0d380d90-c966-11e1-af5f-b8f6b1180b6d,Location120,,,_044c5ada-c766-11e1-8775-005056c00008,_e4c22cb0-c8fc-11e1-bd6b-b8f6b1180b6d,
_30f83f20-c98e-11e1-9c61-406c8f32ef58,Location121,,,_044a37f2-c766-11e1-8775-005056c00008,_e4c22cb0-c8fc-11e1-bd6b-b8f6b1180b6d,
_042a0560-c98d-11e1-9c61-406c8f32ef58,Location122,,,_045c3958-c766-11e1-8775-005056c00008,_e4c22cb0-c8fc-11e1-bd6b-b8f6b1180b6d,
_dc800490-c966-11e1-af5f-b8f6b1180b6d,Location123,,,_0487b623-c766-11e1-8775-005056c00008,_e4c22cb0-c8fc-11e1-bd6b-b8f6b1180b6d,
_fd25a030-c900-11e1-bd6b-b8f6b1180b6d,Location124,,,_0478e914-c766-11e1-8775-005056c00008,_e4c22cb0-c8fc-11e1-bd6b-b8f6b1180b6d,
_af3f2520-c960-11e1-af5f-b8f6b1180b6d,Location125,,,_04500458-c766-11e1-8775-005056c00008,_e4c22cb0-c8fc-11e1-bd6b-b8f6b1180b6d,
_fa325cf0-c965-11e1-af5f-b8f6b1180b6d,Location126,,,_04682038-c766-11e1-8775-005056c00008,_e4c22cb0-c8fc-11e1-bd6b-b8f6b1180b6d,
_85547530-c910-11e1-bd6b-b8f6b1180b6d,Location127,,,_046dec9b-c766-11e1-8775-005056c00008,_e4c22cb0-c8fc-11e1-bd6b-b8f6b1180b6d,
_a39cd690-c910-11e1-bd6b-b8f6b1180b6d,Location128,,,_047120e4-c766-11e1-8775-005056c00008,_e4c22cb0-c8fc-11e1-bd6b-b8f6b1180b6d,
_bd94c1c0-c98d-11e1-9c61-406c8f32ef58,Location129,,,_04747c40-c766-11e1-8775-005056c00008,_e4c22cb0-c8fc-11e1-bd6b-b8f6b1180b6d,
_dfff8730-c98e-11e1-9c61-406c8f32ef58,Location13,,,_046f9a4b-c766-11e1-8775-005056c00008,_e4c22cb0-c8fc-11e1-bd6b-b8f6b1180b6d,
_be7deee0-c901-11e1-bd6b-b8f6b1180b6d,Location130,,,_047fedfa-c766-11e1-8775-005056c00008,_e4c22cb0-c8fc-11e1-bd6b-b8f6b1180b6d,
_69634270-c98d-11e1-9c61-406c8f32ef58,Location131,,,_0480b14b-c766-11e1-8775-005056c00008,_e4c22cb0-c8fc-11e1-bd6b-b8f6b1180b6d,
_f0259420-c965-11e1-af5f-b8f6b1180b6d,Location132,,,_044cd006-c766-11e1-8775-005056c00008,_e4c22cb0-c8fc-11e1-bd6b-b8f6b1180b6d,
_ae4b0780-c968-11e1-af5f-b8f6b1180b6d,Location133,,,_04499bb6-c766-11e1-8775-005056c00008,_e4c22cb0-c8fc-11e1-bd6b-b8f6b1180b6d,
_79997f60-c98d-11e1-9c61-406c8f32ef58,Location134,,,_0467d215-c766-11e1-8775-005056c00008,_e4c22cb0-c8fc-11e1-bd6b-b8f6b1180b6d,
_8fb53bb0-c963-11e1-af5f-b8f6b1180b6d,Location135,,,_044a5f09-c766-11e1-8775-005056c00008,_e4c22cb0-c8fc-11e1-bd6b-b8f6b1180b6d,
_520fa230-c992-11e1-9c61-406c8f32ef58,Location136,,,_046f9a43-c766-11e1-8775-005056c00008,_e4c22cb0-c8fc-11e1-bd6b-b8f6b1180b6d,
_b3705240-c98d-11e1-9c61-406c8f32ef58,Location137,,,_0478c207-c766-11e1-8775-005056c00008,_e4c22cb0-c8fc-11e1-bd6b-b8f6b1180b6d,
_c26450d0-c901-11e1-bd6b-b8f6b1180b6d,Location138,,,_0467ab01-c766-11e1-8775-005056c00008,_e4c22cb0-c8fc-11e1-bd6b-b8f6b1180b6d,
_18b5a2e0-c902-11e1-bd6b-b8f6b1180b6d,Location139,,,_047343c0-c766-11e1-8775-005056c00008,_e4c22cb0-c8fc-11e1-bd6b-b8f6b1180b6d,
_84ab0770-c960-11e1-af5f-b8f6b1180b6d,Location14,,,_0472f5a8-c766-11e1-8775-005056c00008,_e4c22cb0-c8fc-11e1-bd6b-b8f6b1180b6d,
_05165670-c967-11e1-af5f-b8f6b1180b6d,Location140,,,_04845ac7-c766-11e1-8775-005056c00008,_e4c22cb0-c8fc-11e1-bd6b-b8f6b1180b6d,
_bcdd7590-c912-11e1-bd6b-b8f6b1180b6d,Location141,,,_0480b143-c766-11e1-8775-005056c00008,_e4c22cb0-c8fc-11e1-bd6b-b8f6b1180b6d,
_cc4d8310-c964-11e1-af5f-b8f6b1180b6d,Location142,,,_04529c61-c766-11e1-8775-005056c00008,_e4c22cb0-c8fc-11e1-bd6b-b8f6b1180b6d,
_a61dcdc0-c960-11e1-af5f-b8f6b1180b6d,Location143,,,_0476ed41-c766-11e1-8775-005056c00008,_e4c22cb0-c8fc-11e1-bd6b-b8f6b1180b6d,
_e18d6ab0-c900-11e1-bd6b-b8f6b1180b6d,Location144,,,_045e8345-c766-11e1-8775-005056c00008,_e4c22cb0-c8fc-11e1-bd6b-b8f6b1180b6d,
_04149350-c966-11e1-af5f-b8f6b1180b6d,Location145,,,_046efe04-c766-11e1-8775-005056c00008,_e4c22cb0-c8fc-11e1-bd6b-b8f6b1180b6d,
_29875e10-c966-11e1-af5f-b8f6b1180b6d,Location146,,,_0473e004-c766-11e1-8775-005056c00008,_e4c22cb0-c8fc-11e1-bd6b-b8f6b1180b6d,
_5520b760-c911-11e1-bd6b-b8f6b1180b6d,Location147,,,_045fe2da-c766-11e1-8775-005056c00008,_e4c22cb0-c8fc-11e1-bd6b-b8f6b1180b6d,
_7092d160-c98c-11e1-9c61-406c8f32ef58,Location148,,,_04898ae4-c766-11e1-8775-005056c00008,_e4c22cb0-c8fc-11e1-bd6b-b8f6b1180b6d,
_44417320-c967-11e1-af5f-b8f6b1180b6d,Location149,,,_046735d5-c766-11e1-8775-005056c00008,_e4c22cb0-c8fc-11e1-bd6b-b8f6b1180b6d,
_2b6c6a90-c98e-11e1-9c61-406c8f32ef58,Location15,,,_0488c796-c766-11e1-8775-005056c00008,_e4c22cb0-c8fc-11e1-bd6b-b8f6b1180b6d,
_9c5f47d0-c967-11e1-af5f-b8f6b1180b6d,Location150,,,_0452c375-c766-11e1-8775-005056c00008,_e4c22cb0-c8fc-11e1-bd6b-b8f6b1180b6d,
_bb1bd820-c901-11e1-bd6b-b8f6b1180b6d,Location151,,,_044c0cba-c766-11e1-8775-005056c00008,_e4c22cb0-c8fc-11e1-bd6b-b8f6b1180b6d,
_2e521ad0-c98d-11e1-9c61-406c8f32ef58,Location152,,,_04581aa5-c766-11e1-8775-005056c00008,_e4c22cb0-c8fc-11e1-bd6b-b8f6b1180b6d,
_e38758f0-c98f-11e1-9c61-406c8f32ef58,Location153,,,_047b3301-c766-11e1-8775-005056c00008,_e4c22cb0-c8fc-11e1-bd6b-b8f6b1180b6d,
_80f33620-c98d-11e1-9c61-406c8f32ef58,Location154,,,_04670ec6-c766-11e1-8775-005056c00008,_e4c22cb0-c8fc-11e1-bd6b-b8f6b1180b6d,
_cf760be0-c967-11e1-af5f-b8f6b1180b6d,Location155,,,_0462c907-c766-11e1-8775-005056c00008,_e4c22cb0-c8fc-11e1-bd6b-b8f6b1180b6d,
_edd3df50-c98e-11e1-9c61-406c8f32ef58,Location156,,,_048a7540-c766-11e1-8775-005056c00008,_e4c22cb0-c8fc-11e1-bd6b-b8f6b1180b6d,
_1a801490-c900-11e1-bd6b-b8f6b1180b6d,Location157,,,_0474a35b-c766-11e1-8775-005056c00008,_e4c22cb0-c8fc-11e1-bd6b-b8f6b1180b6d,
_6189a290-c967-11e1-af5f-b8f6b1180b6d,Location158,,,_046009e6-c766-11e1-8775-005056c00008,_e4c22cb0-c8fc-11e1-bd6b-b8f6b1180b6d,
_46063df0-c901-11e1-bd6b-b8f6b1180b6d,Location159,,,_0488eea9-c766-11e1-8775-005056c00008,_e4c22cb0-c8fc-11e1-bd6b-b8f6b1180b6d,
_c5b17a30-c968-11e1-af5f-b8f6b1180b6d,Location16,,,_048a4e33-c766-11e1-8775-005056c00008,_e4c22cb0-c8fc-11e1-bd6b-b8f6b1180b6d,
_80477050-c98e-11e1-9c61-406c8f32ef58,Location160,,,_04862f83-c766-11e1-8775-005056c00008,_e4c22cb0-c8fc-11e1-bd6b-b8f6b1180b6d,
_3816c170-c969-11e1-af5f-b8f6b1180b6d,Location161,,,_04814d85-c766-11e1-8775-005056c00008,_e4c22cb0-c8fc-11e1-bd6b-b8f6b1180b6d,
_560ccb00-c993-11e1-9c61-406c8f32ef58,Location162,,,_04658820-c766-11e1-8775-005056c00008,_e4c22cb0-c8fc-11e1-bd6b-b8f6b1180b6d,
_97214550-c98c-11e1-9c61-406c8f32ef58,Location163,,,_048badc5-c766-11e1-8775-005056c00008,_e4c22cb0-c8fc-11e1-bd6b-b8f6b1180b6d,
_694d12e0-c8ff-11e1-bd6b-b8f6b1180b6d,Location164,,,_044f19f8-c766-11e1-8775-005056c00008,_e4c22cb0-c8fc-11e1-bd6b-b8f6b1180b6d,
_9ad42c70-c992-11e1-9c61-406c8f32ef58,Location165,,,_0450eeb5-c766-11e1-8775-005056c00008,_e4c22cb0-c8fc-11e1-bd6b-b8f6b1180b6d,
_159e50c0-c902-11e1-bd6b-b8f6b1180b6d,Location166,,,_045ef876-c766-11e1-8775-005056c00008,_e4c22cb0-c8fc-11e1-bd6b-b8f6b1180b6d,
_db7069f0-c911-11e1-bd6b-b8f6b1180b6d,Location167,,,_0467f928-c766-11e1-8775-005056c00008,_e4c22cb0-c8fc-11e1-bd6b-b8f6b1180b6d,
_a6bb3780-c966-11e1-af5f-b8f6b1180b6d,Location168,,,_0460cd36-c766-11e1-8775-005056c00008,_e4c22cb0-c8fc-11e1-bd6b-b8f6b1180b6d,
_ffc2ed10-c910-11e1-bd6b-b8f6b1180b6d,Location169,,,_0456bb19-c766-11e1-8775-005056c00008,_e4c22cb0-c8fc-11e1-bd6b-b8f6b1180b6d,
_0afadce0-c968-11e1-af5f-b8f6b1180b6d,Location17,,,_0478e913-c766-11e1-8775-005056c00008,_e4c22cb0-c8fc-11e1-bd6b-b8f6b1180b6d,
_993acbc0-c966-11e1-af5f-b8f6b1180b6d,Location170,,,_04631724-c766-11e1-8775-005056c00008,_e4c22cb0-c8fc-11e1-bd6b-b8f6b1180b6d,
_fe6398d0-c98c-11e1-9c61-406c8f32ef58,Location171,,,_04817498-c766-11e1-8775-005056c00008,_e4c22cb0-c8fc-11e1-bd6b-b8f6b1180b6d,
_f6d04c00-c8fe-11e1-bd6b-b8f6b1180b6d,Location172,,,_046eafe6-c766-11e1-8775-005056c00008,_e4c22cb0-c8fc-11e1-bd6b-b8f6b1180b6d,
_430b6eb0-c968-11e1-af5f-b8f6b1180b6d,Location173,,,_047a6fb7-c766-11e1-8775-005056c00008,_e4c22cb0-c8fc-11e1-bd6b-b8f6b1180b6d,
_50624450-c966-11e1-af5f-b8f6b1180b6d,Location174,,,_0457a574-c766-11e1-8775-005056c00008,_e4c22cb0-c8fc-11e1-bd6b-b8f6b1180b6d,
_ac114c20-c910-11e1-bd6b-b8f6b1180b6d,Location175,,,_0471e439-c766-11e1-8775-005056c00008,_e4c22cb0-c8fc-11e1-bd6b-b8f6b1180b6d,
_e2402500-c965-11e1-af5f-b8f6b1180b6d,Location176,,,_045868c5-c766-11e1-8775-005056c00008,_e4c22cb0-c8fc-11e1-bd6b-b8f6b1180b6d,
_36bd2ab0-c902-11e1-bd6b-b8f6b1180b6d,Location177,,,_0468bc71-c766-11e1-8775-005056c00008,_e4c22cb0-c8fc-11e1-bd6b-b8f6b1180b6d,
_9e71fe90-c990-11e1-9c61-406c8f32ef58,Location178,,,_0487b624-c766-11e1-8775-005056c00008,_e4c22cb0-c8fc-11e1-bd6b-b8f6b1180b6d,
_00fb4560-c966-11e1-af5f-b8f6b1180b6d,Location179,,,_047b8128-c766-11e1-8775-005056c00008,_e4c22cb0-c8fc-11e1-bd6b-b8f6b1180b6d,
_ef5b5460-c967-11e1-af5f-b8f6b1180b6d,Location18,,,_046f4c26-c766-11e1-8775-005056c00008,_e4c22cb0-c8fc-11e1-bd6b-b8f6b1180b6d,
_990ca030-c900-11e1-bd6b-b8f6b1180b6d,Location180,,,_04669999-c766-11e1-8775-005056c00008,_e4c22cb0-c8fc-11e1-bd6b-b8f6b1180b6d,
_53a0e870-c901-11e1-bd6b-b8f6b1180b6d,Location181,,,_04745534-c766-11e1-8775-005056c00008,_e4c22cb0-c8fc-11e1-bd6b-b8f6b1180b6d,
_9359fff0-c993-11e1-9c61-406c8f32ef58,Location182,,,_04640183-c766-11e1-8775-005056c00008,_e4c22cb0-c8fc-11e1-bd6b-b8f6b1180b6d,
_2bc4f200-c966-11e1-af5f-b8f6b1180b6d,Location183,,,_045f94b8-c766-11e1-8775-005056c00008,_e4c22cb0-c8fc-11e1-bd6b-b8f6b1180b6d,
_24772090-c902-11e1-bd6b-b8f6b1180b6d,Location184,,,_048481d3-c766-11e1-8775-005056c00008,_e4c22cb0-c8fc-11e1-bd6b-b8f6b1180b6d,
_f1674dd0-c963-11e1-af5f-b8f6b1180b6d,Location185,,,_045a3d89-c766-11e1-8775-005056c00008,_e4c22cb0-c8fc-11e1-bd6b-b8f6b1180b6d,
_0c1fa910-c900-11e1-bd6b-b8f6b1180b6d,Location186,,,_047343ca-c766-11e1-8775-005056c00008,_e4c22cb0-c8fc-11e1-bd6b-b8f6b1180b6d,
_b7206fb0-c992-11e1-9c61-406c8f32ef58,Location187,,,_0484f709-c766-11e1-8775-005056c00008,_e4c22cb0-c8fc-11e1-bd6b-b8f6b1180b6d,
_a99fadb0-c901-11e1-bd6b-b8f6b1180b6d,Location188,,,_04642898-c766-11e1-8775-005056c00008,_e4c22cb0-c8fc-11e1-bd6b-b8f6b1180b6d,
_4ffeab10-c967-11e1-af5f-b8f6b1180b6d,Location189,,,_04839779-c766-11e1-8775-005056c00008,_e4c22cb0-c8fc-11e1-bd6b-b8f6b1180b6d,
_6fafafb0-c910-11e1-bd6b-b8f6b1180b6d,Location19,,,_04703680-c766-11e1-8775-005056c00008,_e4c22cb0-c8fc-11e1-bd6b-b8f6b1180b6d,
_2d5f41b0-c911-11e1-bd6b-b8f6b1180b6d,Location190,,,_046b0666-c766-11e1-8775-005056c00008,_e4c22cb0-c8fc-11e1-bd6b-b8f6b1180b6d,
_bc24ac70-c98c-11e1-9c61-406c8f32ef58,Location191,,,_0475dbd8-c766-11e1-8775-005056c00008,_e4c22cb0-c8fc-11e1-bd6b-b8f6b1180b6d,
_01a677f0-c902-11e1-bd6b-b8f6b1180b6d,Location192,,,_04745531-c766-11e1-8775-005056c00008,_e4c22cb0-c8fc-11e1-bd6b-b8f6b1180b6d,
_d59f3610-c960-11e1-af5f-b8f6b1180b6d,Location193,,,_047ce0b8-c766-11e1-8775-005056c00008,_e4c22cb0-c8fc-11e1-bd6b-b8f6b1180b6d,
_a3b950e0-c960-11e1-af5f-b8f6b1180b6d,Location194,,,_0453fbf4-c766-11e1-8775-005056c00008,_e4c22cb0-c8fc-11e1-bd6b-b8f6b1180b6d,
_1a5008d0-c98d-11e1-9c61-406c8f32ef58,Location195,,,_044ef2e1-c766-11e1-8775-005056c00008,_e4c22cb0-c8fc-11e1-bd6b-b8f6b1180b6d,
_45a69de0-c966-11e1-af5f-b8f6b1180b6d,Location196,,,_045a8ba1-c766-11e1-8775-005056c00008,_e4c22cb0-c8fc-11e1-bd6b-b8f6b1180b6d,
_4fab3b40-c964-11e1-af5f-b8f6b1180b6d,Location197,,,_045ed162-c766-11e1-8775-005056c00008,_e4c22cb0-c8fc-11e1-bd6b-b8f6b1180b6d,
_899cd000-c98e-11e1-9c61-406c8f32ef58,Location198,,,_045c3954-c766-11e1-8775-005056c00008,_e4c22cb0-c8fc-11e1-bd6b-b8f6b1180b6d,
_5d888580-c98f-11e1-9c61-406c8f32ef58,Location199,,,_0478e912-c766-11e1-8775-005056c00008,_e4c22cb0-c8fc-11e1-bd6b-b8f6b1180b6d,
_c99d9df0-c967-11e1-af5f-b8f6b1180b6d,Location2,,,_046931a3-c766-11e1-8775-005056c00008,_e4c22cb0-c8fc-11e1-bd6b-b8f6b1180b6d,
_13588ef0-c990-11e1-9c61-406c8f32ef58,Location20,,,_046c17d9-c766-11e1-8775-005056c00008,_e4c22cb0-c8fc-11e1-bd6b-b8f6b1180b6d,
_0f31b380-c98e-11e1-9c61-406c8f32ef58,Location200,,,_048719e5-c766-11e1-8775-005056c00008,_e4c22cb0-c8fc-11e1-bd6b-b8f6b1180b6d,
_5849d140-c968-11e1-af5f-b8f6b1180b6d,Location201,,,_046b7b92-c766-11e1-8775-005056c00008,_e4c22cb0-c8fc-11e1-bd6b-b8f6b1180b6d,
_9adc5c10-c98d-11e1-9c61-406c8f32ef58,Location202,,,_044f8f22-c766-11e1-8775-005056c00008,_e4c22cb0-c8fc-11e1-bd6b-b8f6b1180b6d,
_abe738d0-c966-11e1-af5f-b8f6b1180b6d,Location203,,,_04649dc2-c766-11e1-8775-005056c00008,_e4c22cb0-c8fc-11e1-bd6b-b8f6b1180b6d,
_5c1a03d0-c8ff-11e1-bd6b-b8f6b1180b6d,Location204,,,_045ab2b4-c766-11e1-8775-005056c00008,_e4c22cb0-c8fc-11e1-bd6b-b8f6b1180b6d,
_1f82dd30-c967-11e1-af5f-b8f6b1180b6d,Location205,,,_04791021-c766-11e1-8775-005056c00008,_e4c22cb0-c8fc-11e1-bd6b-b8f6b1180b6d,
_72ef0620-c966-11e1-af5f-b8f6b1180b6d,Location206,,,_04569409-c766-11e1-8775-005056c00008,_e4c22cb0-c8fc-11e1-bd6b-b8f6b1180b6d,
_e59993c0-c966-11e1-af5f-b8f6b1180b6d,Location207,,,_0474a356-c766-11e1-8775-005056c00008,_e4c22cb0-c8fc-11e1-bd6b-b8f6b1180b6d,
_21d56e00-c98e-11e1-9c61-406c8f32ef58,Location208,,,_045e5c32-c766-11e1-8775-005056c00008,_e4c22cb0-c8fc-11e1-bd6b-b8f6b1180b6d,
_43273c10-c910-11e1-bd6b-b8f6b1180b6d,Location209,,,_04542302-c766-11e1-8775-005056c00008,_e4c22cb0-c8fc-11e1-bd6b-b8f6b1180b6d,
_a4aab190-c967-11e1-af5f-b8f6b1180b6d,Location21,,,_04549836-c766-11e1-8775-005056c00008,_e4c22cb0-c8fc-11e1-bd6b-b8f6b1180b6d,
_d28440d0-c968-11e1-af5f-b8f6b1180b6d,Location210,,,_04566cf8-c766-11e1-8775-005056c00008,_e4c22cb0-c8fc-11e1-bd6b-b8f6b1180b6d,
_6809adb0-c910-11e1-bd6b-b8f6b1180b6d,Location211,,,_0488eea4-c766-11e1-8775-005056c00008,_e4c22cb0-c8fc-11e1-bd6b-b8f6b1180b6d,
_cfb57b50-c966-11e1-af5f-b8f6b1180b6d,Location212,,,_0451b208-c766-11e1-8775-005056c00008,_e4c22cb0-c8fc-11e1-bd6b-b8f6b1180b6d,
_08513160-c8ff-11e1-bd6b-b8f6b1180b6d,Location213,,,_0453add1-c766-11e1-8775-005056c00008,_e4c22cb0-c8fc-11e1-bd6b-b8f6b1180b6d,
_3e7c9fc0-c910-11e1-bd6b-b8f6b1180b6d,Location214,,,_047a48a3-c766-11e1-8775-005056c00008,_e4c22cb0-c8fc-11e1-bd6b-b8f6b1180b6d,
_1ea442d0-c900-11e1-bd6b-b8f6b1180b6d,Location215,,,_0463da79-c766-11e1-8775-005056c00008,_e4c22cb0-c8fc-11e1-bd6b-b8f6b1180b6d,
_e693dcd0-c967-11e1-af5f-b8f6b1180b6d,Location216,,,_046e61c8-c766-11e1-8775-005056c00008,_e4c22cb0-c8fc-11e1-bd6b-b8f6b1180b6d,
_6c2be020-c910-11e1-bd6b-b8f6b1180b6d,Location217,,,_044aad21-c766-11e1-8775-005056c00008,_e4c22cb0-c8fc-11e1-bd6b-b8f6b1180b6d,
_0559bbf0-c902-11e1-bd6b-b8f6b1180b6d,Location218,,,_0452ea87-c766-11e1-8775-005056c00008,_e4c22cb0-c8fc-11e1-bd6b-b8f6b1180b6d,
_0e443bb0-c98d-11e1-9c61-406c8f32ef58,Location219,,,_046783f3-c766-11e1-8775-005056c00008,_e4c22cb0-c8fc-11e1-bd6b-b8f6b1180b6d,
_2f01a9d0-c98f-11e1-9c61-406c8f32ef58,Location22,,,_04690a93-c766-11e1-8775-005056c00008,_e4c22cb0-c8fc-11e1-bd6b-b8f6b1180b6d,
_bff36780-c967-11e1-af5f-b8f6b1180b6d,Location220,,,_04784cd5-c766-11e1-8775-005056c00008,_e4c22cb0-c8fc-11e1-bd6b-b8f6b1180b6d,
_0d9658a0-c902-11e1-bd6b-b8f6b1180b6d,Location221,,,_045de701-c766-11e1-8775-005056c00008,_e4c22cb0-c8fc-11e1-bd6b-b8f6b1180b6d,
_19835810-c98f-11e1-9c61-406c8f32ef58,Location222,,,_04547127-c766-11e1-8775-005056c00008,_e4c22cb0-c8fc-11e1-bd6b-b8f6b1180b6d,
_0a9b5fc0-c910-11e1-bd6b-b8f6b1180b6d,Location223,,,_046fe861-c766-11e1-8775-005056c00008,_e4c22cb0-c8fc-11e1-bd6b-b8f6b1180b6d,
_4d4545b0-c98e-11e1-9c61-406c8f32ef58,Location224,,,_0484a8e4-c766-11e1-8775-005056c00008,_e4c22cb0-c8fc-11e1-bd6b-b8f6b1180b6d,
_bb525d90-c966-11e1-af5f-b8f6b1180b6d,Location225,,,_04483c2a-c766-11e1-8775-005056c00008,_e4c22cb0-c8fc-11e1-bd6b-b8f6b1180b6d,
_9e424900-c901-11e1-bd6b-b8f6b1180b6d,Location226,,,_046cdb28-c766-11e1-8775-005056c00008,_e4c22cb0-c8fc-11e1-bd6b-b8f6b1180b6d,
_485c4670-c902-11e1-bd6b-b8f6b1180b6d,Location227,,,_046ab849-c766-11e1-8775-005056c00008,_e4c22cb0-c8fc-11e1-bd6b-b8f6b1180b6d,
_ff4f6d80-c98e-11e1-9c61-406c8f32ef58,Location228,,,_04765108-c766-11e1-8775-005056c00008,_e4c22cb0-c8fc-11e1-bd6b-b8f6b1180b6d,
_3c1ff500-c966-11e1-af5f-b8f6b1180b6d,Location229,,,_04520028-c766-11e1-8775-005056c00008,_e4c22cb0-c8fc-11e1-bd6b-b8f6b1180b6d,
_1c9eeb00-c902-11e1-bd6b-b8f6b1180b6d,Location23,,,_04719613-c766-11e1-8775-005056c00008,_e4c22cb0-c8fc-11e1-bd6b-b8f6b1180b6d,
_4cd83dc0-c967-11e1-af5f-b8f6b1180b6d,Location230,,,_046c8d04-c766-11e1-8775-005056c00008,_e4c22cb0-c8fc-11e1-bd6b-b8f6b1180b6d,
_00550860-c968-11e1-af5f-b8f6b1180b6d,Location231,,,_0463da77-c766-11e1-8775-005056c00008,_e4c22cb0-c8fc-11e1-bd6b-b8f6b1180b6d,
_343d84b0-c902-11e1-bd6b-b8f6b1180b6d,Location232,,,_045386c0-c766-11e1-8775-005056c00008,_e4c22cb0-c8fc-11e1-bd6b-b8f6b1180b6d,
_7631b890-c967-11e1-af5f-b8f6b1180b6d,Location233,,,_0483e594-c766-11e1-8775-005056c00008,_e4c22cb0-c8fc-11e1-bd6b-b8f6b1180b6d,
_c77989a0-c960-11e1-af5f-b8f6b1180b6d,Location234,,,_04765106-c766-11e1-8775-005056c00008,_e4c22cb0-c8fc-11e1-bd6b-b8f6b1180b6d,
_5d1933d0-c98d-11e1-9c61-406c8f32ef58,Location235,,,_0452273a-c766-11e1-8775-005056c00008,_e4c22cb0-c8fc-11e1-bd6b-b8f6b1180b6d,
_a799e2e0-c912-11e1-bd6b-b8f6b1180b6d,Location236,,,_04795e41-c766-11e1-8775-005056c00008,_e4c22cb0-c8fc-11e1-bd6b-b8f6b1180b6d,
_092cbcf0-c902-11e1-bd6b-b8f6b1180b6d,Location237,,,_04784cda-c766-11e1-8775-005056c00008,_e4c22cb0-c8fc-11e1-bd6b-b8f6b1180b6d,
_d46838b0-c98c-11e1-9c61-406c8f32ef58,Location238,,,_04893cc4-c766-11e1-8775-005056c00008,_e4c22cb0-c8fc-11e1-bd6b-b8f6b1180b6d,
_893cb5d0-c966-11e1-af5f-b8f6b1180b6d,Location239,,,_0479ac60-c766-11e1-8775-005056c00008,_e4c22cb0-c8fc-11e1-bd6b-b8f6b1180b6d,
_210d3170-c98d-11e1-9c61-406c8f32ef58,Location24,,,_04720b41-c766-11e1-8775-005056c00008,_e4c22cb0-c8fc-11e1-bd6b-b8f6b1180b6d,
_9eb2ae50-c912-11e1-bd6b-b8f6b1180b6d,Location240,,,_046f7334-c766-11e1-8775-005056c00008,_e4c22cb0-c8fc-11e1-bd6b-b8f6b1180b6d,
_e6458670-c8fe-11e1-bd6b-b8f6b1180b6d,Location241,,,_046b2d72-c766-11e1-8775-005056c00008,_e4c22cb0-c8fc-11e1-bd6b-b8f6b1180b6d,
_a1775de0-c965-11e1-af5f-b8f6b1180b6d,Location242,,,_0468e382-c766-11e1-8775-005056c00008,_e4c22cb0-c8fc-11e1-bd6b-b8f6b1180b6d,
_47710b90-c990-11e1-9c61-406c8f32ef58,Location243,,,_044c5ad6-c766-11e1-8775-005056c00008,_e4c22cb0-c8fc-11e1-bd6b-b8f6b1180b6d,
_f4603bc0-c911-11e1-bd6b-b8f6b1180b6d,Location244,,,_04865696-c766-11e1-8775-005056c00008,_e4c22cb0-c8fc-11e1-bd6b-b8f6b1180b6d,
_2733dbb0-c967-11e1-af5f-b8f6b1180b6d,Location245,,,_0458b6e8-c766-11e1-8775-005056c00008,_e4c22cb0-c8fc-11e1-bd6b-b8f6b1180b6d,
_158f4780-c900-11e1-bd6b-b8f6b1180b6d,Location246,,,_0450c7a8-c766-11e1-8775-005056c00008,_e4c22cb0-c8fc-11e1-bd6b-b8f6b1180b6d,
_b189f0c0-c966-11e1-af5f-b8f6b1180b6d,Location247,,,_048a2725-c766-11e1-8775-005056c00008,_e4c22cb0-c8fc-11e1-bd6b-b8f6b1180b6d,
_a7783430-c98d-11e1-9c61-406c8f32ef58,Location248,,,_0447c6f1-c766-11e1-8775-005056c00008,_e4c22cb0-c8fc-11e1-bd6b-b8f6b1180b6d,
_db443990-c900-11e1-bd6b-b8f6b1180b6d,Location249,,,_04773b6b-c766-11e1-8775-005056c00008,_e4c22cb0-c8fc-11e1-bd6b-b8f6b1180b6d,
_5ee78640-c900-11e1-bd6b-b8f6b1180b6d,Location25,,,_04731cb4-c766-11e1-8775-005056c00008,_e4c22cb0-c8fc-11e1-bd6b-b8f6b1180b6d,
_88b1b740-c98f-11e1-9c61-406c8f32ef58,Location250,,,_048ac367-c766-11e1-8775-005056c00008,_e4c22cb0-c8fc-11e1-bd6b-b8f6b1180b6d,
_5b7934b0-c967-11e1-af5f-b8f6b1180b6d,Location251,,,_04778984-c766-11e1-8775-005056c00008,_e4c22cb0-c8fc-11e1-bd6b-b8f6b1180b6d,
_45419680-c992-11e1-9c61-406c8f32ef58,Location252,,,_0472a780-c766-11e1-8775-005056c00008,_e4c22cb0-c8fc-11e1-bd6b-b8f6b1180b6d,
_8ddc1970-c964-11e1-af5f-b8f6b1180b6d,Location253,,,_047f78c2-c766-11e1-8775-005056c00008,_e4c22cb0-c8fc-11e1-bd6b-b8f6b1180b6d,
_7c8df880-c993-11e1-9c61-406c8f32ef58,Location254,,,_0481c2b1-c766-11e1-8775-005056c00008,_e4c22cb0-c8fc-11e1-bd6b-b8f6b1180b6d,
_3fd8b740-c966-11e1-af5f-b8f6b1180b6d,Location255,,,_045c1249-c766-11e1-8775-005056c00008,_e4c22cb0-c8fc-11e1-bd6b-b8f6b1180b6d,
_ff145b60-c901-11e1-bd6b-b8f6b1180b6d,Location256,,,_046f4c23-c766-11e1-8775-005056c00008,_e4c22cb0-c8fc-11e1-bd6b-b8f6b1180b6d,
_2a084e80-c911-11e1-bd6b-b8f6b1180b6d,Location257,,,_045fe2d1-c766-11e1-8775-005056c00008,_e4c22cb0-c8fc-11e1-bd6b-b8f6b1180b6d,
_57b00810-c901-11e1-bd6b-b8f6b1180b6d,Location258,,,_04553470-c766-11e1-8775-005056c00008,_e4c22cb0-c8fc-11e1-bd6b-b8f6b1180b6d,
_e67a1370-c98c-11e1-9c61-406c8f32ef58,Location259,,,_044c5ad7-c766-11e1-8775-005056c00008,_e4c22cb0-c8fc-11e1-bd6b-b8f6b1180b6d,
_c3f48820-c98d-11e1-9c61-406c8f32ef58,Location26,,,_045ed169-c766-11e1-8775-005056c00008,_e4c22cb0-c8fc-11e1-bd6b-b8f6b1180b6d,
_0afb42c0-c8ff-11e1-bd6b-b8f6b1180b6d,Location260,,,_046030f9-c766-11e1-8775-005056c00008,_e4c22cb0-c8fc-11e1-bd6b-b8f6b1180b6d,
_9dc10d40-c910-11e1-bd6b-b8f6b1180b6d,Location261,,,_04631727-c766-11e1-8775-005056c00008,_e4c22cb0-c8fc-11e1-bd6b-b8f6b1180b6d,
_dfeeec90-c966-11e1-af5f-b8f6b1180b6d,Location262,,,_045e3524-c766-11e1-8775-005056c00008,_e4c22cb0-c8fc-11e1-bd6b-b8f6b1180b6d,
_1c866150-c8ff-11e1-bd6b-b8f6b1180b6d,Location263,,,_0476510a-c766-11e1-8775-005056c00008,_e4c22cb0-c8fc-11e1-bd6b-b8f6b1180b6d,
_08ceb8d0-c98e-11e1-9c61-406c8f32ef58,Location264,,,_046e3ab2-c766-11e1-8775-005056c00008,_e4c22cb0-c8fc-11e1-bd6b-b8f6b1180b6d,
_e8f6b690-c968-11e1-af5f-b8f6b1180b6d,Location265,,,_04518af7-c766-11e1-8775-005056c00008,_e4c22cb0-c8fc-11e1-bd6b-b8f6b1180b6d,
_ac05c880-c912-11e1-bd6b-b8f6b1180b6d,Location266,,,_0478c205-c766-11e1-8775-005056c00008,_e4c22cb0-c8fc-11e1-bd6b-b8f6b1180b6d,
_84ef4620-c991-11e1-9c61-406c8f32ef58,Location267,,,_04627ae6-c766-11e1-8775-005056c00008,_e4c22cb0-c8fc-11e1-bd6b-b8f6b1180b6d,
_2dd4d7b0-c991-11e1-9c61-406c8f32ef58,Location268,,,_048c4a00-c766-11e1-8775-005056c00008,_e4c22cb0-c8fc-11e1-bd6b-b8f6b1180b6d,
_cc0a3550-c960-11e1-af5f-b8f6b1180b6d,Location269,,,_0452c37a-c766-11e1-8775-005056c00008,_e4c22cb0-c8fc-11e1-bd6b-b8f6b1180b6d,
_10dcf9b0-c966-11e1-af5f-b8f6b1180b6d,Location27,,,_0483be84-c766-11e1-8775-005056c00008,_e4c22cb0-c8fc-11e1-bd6b-b8f6b1180b6d,
_43c58530-c98f-11e1-9c61-406c8f32ef58,Location270,,,_045c1243-c766-11e1-8775-005056c00008,_e4c22cb0-c8fc-11e1-bd6b-b8f6b1180b6d,
_911dbb10-c910-11e1-bd6b-b8f6b1180b6d,Location271,,,_0449c2c6-c766-11e1-8775-005056c00008,_e4c22cb0-c8fc-11e1-bd6b-b8f6b1180b6d,
_86f042e0-c968-11e1-af5f-b8f6b1180b6d,Location272,,,_046735d0-c766-11e1-8775-005056c00008,_e4c22cb0-c8fc-11e1-bd6b-b8f6b1180b6d,
_150b1d90-c967-11e1-af5f-b8f6b1180b6d,Location273,,,_046dc589-c766-11e1-8775-005056c00008,_e4c22cb0-c8fc-11e1-bd6b-b8f6b1180b6d,
_8d72f430-c960-11e1-af5f-b8f6b1180b6d,Location274,,,_0476ed45-c766-11e1-8775-005056c00008,_e4c22cb0-c8fc-11e1-bd6b-b8f6b1180b6d,
_929e7c20-c967-11e1-af5f-b8f6b1180b6d,Location275,,,_044f4109-c766-11e1-8775-005056c00008,_e4c22cb0-c8fc-11e1-bd6b-b8f6b1180b6d,
_9bf7d940-c900-11e1-bd6b-b8f6b1180b6d,Location276,,,_046c17d5-c766-11e1-8775-005056c00008,_e4c22cb0-c8fc-11e1-bd6b-b8f6b1180b6d,
_9ef3ede0-c992-11e1-9c61-406c8f32ef58,Location277,,,_04614263-c766-11e1-8775-005056c00008,_e4c22cb0-c8fc-11e1-bd6b-b8f6b1180b6d,
_e47b4b50-c98e-11e1-9c61-406c8f32ef58,Location278,,,_04653a08-c766-11e1-8775-005056c00008,_e4c22cb0-c8fc-11e1-bd6b-b8f6b1180b6d,
_e47b4b51-c98e-11e1-9c61-406c8f32ef58,Location279,,,_7ca3e3a5-eab5-47bb-b16f-df070d8e18f3,_e4c22cb0-c8fc-11e1-bd6b-b8f6b1180b6d,
_e1124c00-c968-11e1-af5f-b8f6b1180b6d,Location28,,,_047343c2-c766-11e1-8775-005056c00008,_e4c22cb0-c8fc-11e1-bd6b-b8f6b1180b6d,
_e47b4b52-c98e-11e1-9c61-406c8f32ef58,Location280,,,_72acb9ad-9a24-4b1b-bb6c-c906031151f0,_e4c22cb0-c8fc-11e1-bd6b-b8f6b1180b6d,
_e47b4b53-c98e-11e1-9c61-406c8f32ef58,Location281,,,_e0fe87f5-3ba8-491e-964a-2e292a4e09ec,_e4c22cb0-c8fc-11e1-bd6b-b8f6b1180b6d,
_e47b4b54-c98e-11e1-9c61-406c8f32ef58,Location282,,,_0482fb33-c766-11e1-8775-005056c00008,_e4c22cb0-c8fc-11e1-bd6b-b8f6b1180b6d,
_e47b4b55-c98e-11e1-9c61-406c8f32ef58,Location283,,,_044ef2e7-c766-11e1-8775-005056c00008,_e4c22cb0-c8fc-11e1-bd6b-b8f6b1180b6d,
_e47b4b56-c98e-11e1-9c61-406c8f32ef58,Location284,,,_045338a1-c766-11e1-8775-005056c00008,_e4c22cb0-c8fc-11e1-bd6b-b8f6b1180b6d,
_62efef20-c900-11e1-bd6b-b8f6b1180b6d,Location29,,,_0480b149-c766-11e1-8775-005056c00008,_e4c22cb0-c8fc-11e1-bd6b-b8f6b1180b6d,
_949fdcf0-c910-11e1-bd6b-b8f6b1180b6d,Location3,,,_04887979-c766-11e1-8775-005056c00008,_e4c22cb0-c8fc-11e1-bd6b-b8f6b1180b6d,
_f0509a30-c901-11e1-bd6b-b8f6b1180b6d,Location30,,,_0471e435-c766-11e1-8775-005056c00008,_e4c22cb0-c8fc-11e1-bd6b-b8f6b1180b6d,
_18d9ad00-c8ff-11e1-bd6b-b8f6b1180b6d,Location31,,,_0474f171-c766-11e1-8775-005056c00008,_e4c22cb0-c8fc-11e1-bd6b-b8f6b1180b6d,
_f91828a0-c98c-11e1-9c61-406c8f32ef58,Location32,,,_045fbbc3-c766-11e1-8775-005056c00008,_e4c22cb0-c8fc-11e1-bd6b-b8f6b1180b6d,
_296e84b0-c8ff-11e1-bd6b-b8f6b1180b6d,Location33,,,_04640189-c766-11e1-8775-005056c00008,_e4c22cb0-c8fc-11e1-bd6b-b8f6b1180b6d,
_598bce80-c965-11e1-af5f-b8f6b1180b6d,Location34,,,_0474f177-c766-11e1-8775-005056c00008,_e4c22cb0-c8fc-11e1-bd6b-b8f6b1180b6d,
_2423e720-c968-11e1-af5f-b8f6b1180b6d,Location35,,,_04486330-c766-11e1-8775-005056c00008,_e4c22cb0-c8fc-11e1-bd6b-b8f6b1180b6d,
_8a110080-c98c-11e1-9c61-406c8f32ef58,Location36,,,_048badc1-c766-11e1-8775-005056c00008,_e4c22cb0-c8fc-11e1-bd6b-b8f6b1180b6d,
_e78ab600-c911-11e1-bd6b-b8f6b1180b6d,Location37,,,_0449c2ca-c766-11e1-8775-005056c00008,_e4c22cb0-c8fc-11e1-bd6b-b8f6b1180b6d,
_1fe305f0-c964-11e1-af5f-b8f6b1180b6d,Location38,,,_04535fb7-c766-11e1-8775-005056c00008,_e4c22cb0-c8fc-11e1-bd6b-b8f6b1180b6d,
_30021490-c968-11e1-af5f-b8f6b1180b6d,Location39,,,_044a10e4-c766-11e1-8775-005056c00008,_e4c22cb0-c8fc-11e1-bd6b-b8f6b1180b6d,
_90b2c210-c901-11e1-bd6b-b8f6b1180b6d,Location4,,,_04675ce0-c766-11e1-8775-005056c00008,_e4c22cb0-c8fc-11e1-bd6b-b8f6b1180b6d,
_991cf240-c960-11e1-af5f-b8f6b1180b6d,Location40,,,_047391e8-c766-11e1-8775-005056c00008,_e4c22cb0-c8fc-11e1-bd6b-b8f6b1180b6d,
_617d0650-c991-11e1-9c61-406c8f32ef58,Location41,,,_045cfca6-c766-11e1-8775-005056c00008,_e4c22cb0-c8fc-11e1-bd6b-b8f6b1180b6d,
_ce8af350-c98d-11e1-9c61-406c8f32ef58,Location42,,,_04592c16-c766-11e1-8775-005056c00008,_e4c22cb0-c8fc-11e1-bd6b-b8f6b1180b6d,
_4118d130-c98e-11e1-9c61-406c8f32ef58,Location43,,,_0470d2c4-c766-11e1-8775-005056c00008,_e4c22cb0-c8fc-11e1-bd6b-b8f6b1180b6d,
_af4a6bc0-c98c-11e1-9c61-406c8f32ef58,Location44,,,_0482fb31-c766-11e1-8775-005056c00008,_e4c22cb0-c8fc-11e1-bd6b-b8f6b1180b6d,
_7f68c230-c964-11e1-af5f-b8f6b1180b6d,Location45,,,_045c8776-c766-11e1-8775-005056c00008,_e4c22cb0-c8fc-11e1-bd6b-b8f6b1180b6d,
_8ef6dba0-c98d-11e1-9c61-406c8f32ef58,Location46,,,_048b1189-c766-11e1-8775-005056c00008,_e4c22cb0-c8fc-11e1-bd6b-b8f6b1180b6d,
_4a0ba5b0-c966-11e1-af5f-b8f6b1180b6d,Location47,,,_04854529-c766-11e1-8775-005056c00008,_e4c22cb0-c8fc-11e1-bd6b-b8f6b1180b6d,
_9b5a9260-c901-11e1-bd6b-b8f6b1180b6d,Location48,,,_047d2ed1-c766-11e1-8775-005056c00008,_e4c22cb0-c8fc-11e1-bd6b-b8f6b1180b6d,
_ac278810-c964-11e1-af5f-b8f6b1180b6d,Location49,,,_047b0bf6-c766-11e1-8775-005056c00008,_e4c22cb0-c8fc-11e1-bd6b-b8f6b1180b6d,
_11d6fc00-c964-11e1-af5f-b8f6b1180b6d,Location5,,,_048963d9-c766-11e1-8775-005056c00008,_e4c22cb0-c8fc-11e1-bd6b-b8f6b1180b6d,
_ed55a9b0-c901-11e1-bd6b-b8f6b1180b6d,Location50,,,_045bc420-c766-11e1-8775-005056c00008,_e4c22cb0-c8fc-11e1-bd6b-b8f6b1180b6d,
_65f5d190-c8ff-11e1-bd6b-b8f6b1180b6d,Location51,,,_0486a4b7-c766-11e1-8775-005056c00008,_e4c22cb0-c8fc-11e1-bd6b-b8f6b1180b6d,
_23bcfd40-c98f-11e1-9c61-406c8f32ef58,Location52,,,_047d07c0-c766-11e1-8775-005056c00008,_e4c22cb0-c8fc-11e1-bd6b-b8f6b1180b6d,
_0f1cddb0-c967-11e1-af5f-b8f6b1180b6d,Location53,,,_04607f15-c766-11e1-8775-005056c00008,_e4c22cb0-c8fc-11e1-bd6b-b8f6b1180b6d,
_8e4939b0-c991-11e1-9c61-406c8f32ef58,Location54,,,_0453fbf0-c766-11e1-8775-005056c00008,_e4c22cb0-c8fc-11e1-bd6b-b8f6b1180b6d,
_8dd84180-c967-11e1-af5f-b8f6b1180b6d,Location55,,,_048915b9-c766-11e1-8775-005056c00008,_e4c22cb0-c8fc-11e1-bd6b-b8f6b1180b6d,
_1836bb00-c967-11e1-af5f-b8f6b1180b6d,Location56,,,_044c81e1-c766-11e1-8775-005056c00008,_e4c22cb0-c8fc-11e1-bd6b-b8f6b1180b6d,
_82bca4f0-c960-11e1-af5f-b8f6b1180b6d,Location57,,,_045ab2b7-c766-11e1-8775-005056c00008,_e4c22cb0-c8fc-11e1-bd6b-b8f6b1180b6d,
_f7454490-c964-11e1-af5f-b8f6b1180b6d,Location58,,,_047ae4ea-c766-11e1-8775-005056c00008,_e4c22cb0-c8fc-11e1-bd6b-b8f6b1180b6d,
_74a6d630-c990-11e1-9c61-406c8f32ef58,Location59,,,_04488a45-c766-11e1-8775-005056c00008,_e4c22cb0-c8fc-11e1-bd6b-b8f6b1180b6d,
_e6429340-c98d-11e1-9c61-406c8f32ef58,Location6,,,_047ba839-c766-11e1-8775-005056c00008,_e4c22cb0-c8fc-11e1-bd6b-b8f6b1180b6d,
_2e84f860-c992-11e1-9c61-406c8f32ef58,Location60,,,_0474a358-c766-11e1-8775-005056c00008,_e4c22cb0-c8fc-11e1-bd6b-b8f6b1180b6d,
_4e0febe0-c992-11e1-9c61-406c8f32ef58,Location61,,,_048481d0-c766-11e1-8775-005056c00008,_e4c22cb0-c8fc-11e1-bd6b-b8f6b1180b6d,
_6ae7d1f0-c911-11e1-bd6b-b8f6b1180b6d,Location62,,,_04670ec0-c766-11e1-8775-005056c00008,_e4c22cb0-c8fc-11e1-bd6b-b8f6b1180b6d,
_af7ff750-c963-11e1-af5f-b8f6b1180b6d,Location63,,,_044bbe91-c766-11e1-8775-005056c00008,_e4c22cb0-c8fc-11e1-bd6b-b8f6b1180b6d,
_090f7320-c911-11e1-bd6b-b8f6b1180b6d,Location64,,,_044e7db2-c766-11e1-8775-005056c00008,_e4c22cb0-c8fc-11e1-bd6b-b8f6b1180b6d,
_28139320-c900-11e1-bd6b-b8f6b1180b6d,Location65,,,_04819ba1-c766-11e1-8775-005056c00008,_e4c22cb0-c8fc-11e1-bd6b-b8f6b1180b6d,
_983c8bb0-c910-11e1-bd6b-b8f6b1180b6d,Location66,,,_047a6fb6-c766-11e1-8775-005056c00008,_e4c22cb0-c8fc-11e1-bd6b-b8f6b1180b6d,
_558d9040-c990-11e1-9c61-406c8f32ef58,Location67,,,_047d55e4-c766-11e1-8775-005056c00008,_e4c22cb0-c8fc-11e1-bd6b-b8f6b1180b6d,
_88865430-c910-11e1-bd6b-b8f6b1180b6d,Location68,,,_045fe2d2-c766-11e1-8775-005056c00008,_e4c22cb0-c8fc-11e1-bd6b-b8f6b1180b6d,
_d9fa75e0-c98c-11e1-9c61-406c8f32ef58,Location69,,,_047eb573-c766-11e1-8775-005056c00008,_e4c22cb0-c8fc-11e1-bd6b-b8f6b1180b6d,
_97f435e0-c901-11e1-bd6b-b8f6b1180b6d,Location7,,,_0488eea8-c766-11e1-8775-005056c00008,_e4c22cb0-c8fc-11e1-bd6b-b8f6b1180b6d,
_54f68f90-c910-11e1-bd6b-b8f6b1180b6d,Location70,,,_046eafe3-c766-11e1-8775-005056c00008,_e4c22cb0-c8fc-11e1-bd6b-b8f6b1180b6d,
_e4c1de90-c8fc-11e1-bd6b-b8f6b1180b6d,Location71,,,_048badc8-c766-11e1-8775-005056c00008,_e4c22cb0-c8fc-11e1-bd6b-b8f6b1180b6d,
_17508c40-c910-11e1-bd6b-b8f6b1180b6d,Location72,,,_04595327-c766-11e1-8775-005056c00008,_e4c22cb0-c8fc-11e1-bd6b-b8f6b1180b6d,
_6ecfba80-c911-11e1-bd6b-b8f6b1180b6d,Location73,,,_047edc88-c766-11e1-8775-005056c00008,_e4c22cb0-c8fc-11e1-bd6b-b8f6b1180b6d,
_dbf9f9f0-c98d-11e1-9c61-406c8f32ef58,Location74,,,_0463da71-c766-11e1-8775-005056c00008,_e4c22cb0-c8fc-11e1-bd6b-b8f6b1180b6d,
_cc8a04f0-c966-11e1-af5f-b8f6b1180b6d,Location75,,,_044cd003-c766-11e1-8775-005056c00008,_e4c22cb0-c8fc-11e1-bd6b-b8f6b1180b6d,
_d9f03c80-c967-11e1-af5f-b8f6b1180b6d,Location76,,,_0476c63a-c766-11e1-8775-005056c00008,_e4c22cb0-c8fc-11e1-bd6b-b8f6b1180b6d,
_ebc01cf0-c8fe-11e1-bd6b-b8f6b1180b6d,Location77,,,_045dbff3-c766-11e1-8775-005056c00008,_e4c22cb0-c8fc-11e1-bd6b-b8f6b1180b6d,
_ae437bb0-c98f-11e1-9c61-406c8f32ef58,Location78,,,_047d55e3-c766-11e1-8775-005056c00008,_e4c22cb0-c8fc-11e1-bd6b-b8f6b1180b6d,
_9502b570-c968-11e1-af5f-b8f6b1180b6d,Location79,,,_046958b6-c766-11e1-8775-005056c00008,_e4c22cb0-c8fc-11e1-bd6b-b8f6b1180b6d,
_a364f5b0-c968-11e1-af5f-b8f6b1180b6d,Location8,,,_0458ddf0-c766-11e1-8775-005056c00008,_e4c22cb0-c8fc-11e1-bd6b-b8f6b1180b6d,
_dddfa4f0-c900-11e1-bd6b-b8f6b1180b6d,Location80,,,_047c929a-c766-11e1-8775-005056c00008,_e4c22cb0-c8fc-11e1-bd6b-b8f6b1180b6d,
_fa8b35e0-c966-11e1-af5f-b8f6b1180b6d,Location81,,,_045d71d4-c766-11e1-8775-005056c00008,_e4c22cb0-c8fc-11e1-bd6b-b8f6b1180b6d,
_20dbaa50-c902-11e1-bd6b-b8f6b1180b6d,Location82,,,_04828600-c766-11e1-8775-005056c00008,_e4c22cb0-c8fc-11e1-bd6b-b8f6b1180b6d,
_ea37f080-c965-11e1-af5f-b8f6b1180b6d,Location83,,,_0484a8e1-c766-11e1-8775-005056c00008,_e4c22cb0-c8fc-11e1-bd6b-b8f6b1180b6d,
_a515afc0-c964-11e1-af5f-b8f6b1180b6d,Location84,,,_04642896-c766-11e1-8775-005056c00008,_e4c22cb0-c8fc-11e1-bd6b-b8f6b1180b6d,
_7599e590-c98c-11e1-9c61-406c8f32ef58,Location85,,,_045338a8-c766-11e1-8775-005056c00008,_e4c22cb0-c8fc-11e1-bd6b-b8f6b1180b6d,
_237a5bf0-c900-11e1-bd6b-b8f6b1180b6d,Location86,,,_047cb9a6-c766-11e1-8775-005056c00008,_e4c22cb0-c8fc-11e1-bd6b-b8f6b1180b6d,
_f60749b0-c98d-11e1-9c61-406c8f32ef58,Location87,,,_0456e226-c766-11e1-8775-005056c00008,_e4c22cb0-c8fc-11e1-bd6b-b8f6b1180b6d,
_d33d4850-c8ff-11e1-bd6b-b8f6b1180b6d,Location88,,,_045beb3a-c766-11e1-8775-005056c00008,_e4c22cb0-c8fc-11e1-bd6b-b8f6b1180b6d,
_794b7480-c98f-11e1-9c61-406c8f32ef58,Location89,,,_046a4318-c766-11e1-8775-005056c00008,_e4c22cb0-c8fc-11e1-bd6b-b8f6b1180b6d,
_026e2a30-c901-11e1-bd6b-b8f6b1180b6d,Location9,,,_04631725-c766-11e1-8775-005056c00008,_e4c22cb0-c8fc-11e1-bd6b-b8f6b1180b6d,
_8696ae00-c964-11e1-af5f-b8f6b1180b6d,Location90,,,_044b9789-c766-11e1-8775-005056c00008,_e4c22cb0-c8fc-11e1-bd6b-b8f6b1180b6d,
_c6187990-c98d-11e1-9c61-406c8f32ef58,Location91,,,_046b2d77-c766-11e1-8775-005056c00008,_e4c22cb0-c8fc-11e1-bd6b-b8f6b1180b6d,
_9e269060-c911-11e1-bd6b-b8f6b1180b6d,Location92,,,_046f2515-c766-11e1-8775-005056c00008,_e4c22cb0-c8fc-11e1-bd6b-b8f6b1180b6d,
_ead23320-c901-11e1-bd6b-b8f6b1180b6d,Location93,,,_047e404a-c766-11e1-8775-005056c00008,_e4c22cb0-c8fc-11e1-bd6b-b8f6b1180b6d,
_39b10bc0-c901-11e1-bd6b-b8f6b1180b6d,Location94,,,_0452ea86-c766-11e1-8775-005056c00008,_e4c22cb0-c8fc-11e1-bd6b-b8f6b1180b6d,
_d97a65b0-c966-11e1-af5f-b8f6b1180b6d,Location95,,,_046d294b-c766-11e1-8775-005056c00008,_e4c22cb0-c8fc-11e1-bd6b-b8f6b1180b6d,
_8a99c310-c98d-11e1-9c61-406c8f32ef58,Location96,,,_046931a5-c766-11e1-8775-005056c00008,_e4c22cb0-c8fc-11e1-bd6b-b8f6b1180b6d,
_1f6f11a0-c968-11e1-af5f-b8f6b1180b6d,Location97,,,_04653a02-c766-11e1-8775-005056c00008,_e4c22cb0-c8fc-11e1-bd6b-b8f6b1180b6d,
_a9a2e390-c965-11e1-af5f-b8f6b1180b6d,Location98,,,_048963d8-c766-11e1-8775-005056c00008,_e4c22cb0-c8fc-11e1-bd6b-b8f6b1180b6d,
_4dafe3a0-c968-11e1-af5f-b8f6b1180b6d,Location99,,,_0488eea6-c766-11e1-8775-005056c00008,_e4c22cb0-c8fc-11e1-bd6b-b8f6b1180b6d,
